x1,x2,x3,y
-0.9965435236348836,-0.13418097819411057,0.44404719060293973,-3.1874009296314783
-0.7962236296720264,0.9463977984402034,0.4476518469685009,1.238664291195976
0.4120593216479014,-1.0,0.9366806293274295,-5.0862114700120955
-1.0,1.0,-0.43090161077883526,11.797890663755041
0.39519707787116887,1.0,-0.02909449726029334,7.814798341581988
0.019138741924963565,0.15554115654826495,0.4385278003237494,0.745134826608256
0.6988426140789883,0.9286517306758033,-0.1544397655472476,6.841664941568615
-0.19399552898324313,0.16991994124321397,0.8702083637260827,0.18073219250799089
-1.0,-0.18625751155660897,-1.0,8.215139731454258
-1.0,-1.0,0.4646728036902885,12.645609548133173
0.6496661290317012,0.19226524989372362,-0.11405198432987573,1.0641296197585228
-0.35669888322862087,0.8291717387661819,0.5687712704915375,2.265191077258763
0.34507287339945036,-0.3742050654405129,-0.408888279700496,1.8477258904999885
-1.0,-0.6547790210233202,-1.0,5.454719523038101
1.0,1.0,0.15422721360585312,13.185263194518773
-0.38721449762139204,-0.5673771855045302,0.18342477233666798,0.7513344987428873
0.3728228648775598,-1.0,0.48102416957067473,0.5736008639506787
1.0,0.11978719963617457,0.7331844012493576,9.962755294212633
-0.3098620219719992,0.256206587586602,1.0,1.060230640898911
0.5297687413039529,-0.5031717111383986,0.38399807377661,1.1982231805319932
1.0,0.21854814309656678,0.6229113139543276,8.862954659420293
0.04318407805652735,0.5538907334684899,0.012300973491987444,0.7975433880580844
0.639619916774959,-0.7602781634800211,1.0,-4.233931087946402
-0.0699478087200518,0.7788587605032244,0.3973992190136122,2.232542066041522
-1.0,1.0,0.49385766539770626,1.9647129969672328
0.22113347786415938,-0.6283296934157809,-0.17321611304877949,1.8314497296746233
-0.505858992042574,0.018629565371158563,-0.5490589728308277,-0.2034765286136517
-0.7696096644895223,-0.5508399247206004,1.0,4.272939558427029
0.4474492930586329,-0.4499637734334734,1.0,-3.147161532336116
1.0,-0.5823935198396955,0.7325053587069419,5.001703275738106
0.18394552576899348,1.0,-1.0,5.64515636124125
-0.13853247867046226,-1.0,0.1741658636809078,2.733758455665722
-0.28048092176161554,-0.3143883179366147,1.0,0.04491636609390595
-0.03331944699180722,0.23804570631997057,0.1833218827576386,0.30270149850684747
0.038907093530798464,0.6952503095971247,0.954788592871723,4.885399666274234
-0.39349480424202476,1.0,0.16297180951388124,6.197008365380689
0.36405063626266276,-1.0,1.0,-7.078479624034246
0.6282804691853692,-0.25977947543887536,-0.9289403387710404,-1.488893153821012
0.9341405481158924,0.3307073380162502,-0.6996365176530082,3.567052134844152
-1.0,1.0,-0.2883374493731128,10.904630341718073
0.26150382105217607,-1.0,0.300012537884907,0.8352914805913192
1.0,0.33660913554427396,-0.16730807736058328,4.347970383908061
-0.017017915353652047,-0.27532078038729435,1.0,-0.6242433194494603
1.0,1.0,0.9252495935100553,22.22917967791757
-1.0,1.0,1.0,16.989929317330073
-1.0,-1.0,-0.07528711491539242,5.933074317696673
-0.215291224904248,-0.38553745396885475,0.6732686344179197,-0.253895981593615
-0.1439350559310657,0.478640639695314,0.29073967862237327,-1.6961525683758005
0.3891235293563442,0.1495147558961536,-0.16867603663493447,0.6305137748389558
-0.11598612565613342,0.5509379798456846,-1.0,-4.3571756234960475
-0.8068299436793189,-0.11321538232158868,0.007346846624243453,-1.692346971387871
1.0,0.6636068260419441,-1.0,16.112510788965913
-0.439114849465577,1.0,0.17578607966196858,6.750943854738251
0.1069573200122429,-0.4461920492471634,0.5674769806524702,-0.39513652796472754
-0.4519344943071151,1.0,-0.6334833987069244,5.557080576780883
-1.0,-1.0,-0.002421997346002236,8.082663133894274
-0.34140852694110047,-0.3895669562603845,0.2994931233021749,0.2079208785206739
-1.0,-1.0,0.2896374390925893,9.596494092214785
0.9136933602287247,0.4497470191215438,-0.47550194013983704,3.2358028045398974
-0.7086816950712964,-0.6485297083895718,-1.0,-0.49842636003430085
-0.7570790241298078,0.8614814380316402,1.0,11.835825663012514
0.9044975022099107,0.18521638557311393,-0.15126981316880106,3.7888675700603103
0.26672727836770815,-1.0,-1.0,-20.27894488168993
0.40868218007086465,1.0,0.9330341536306699,9.62292881059155
0.32840337232879513,0.06072358915163978,-0.17719378370195704,1.2059655870185504
-1.0,1.0,0.5255218858234656,1.1807530863564466
0.44373377176200957,-0.5221932370213911,0.22167238955344493,0.8399573166153553
-0.6126319749606299,0.20675494057397525,-1.0,0.49154084744082405
0.07504819217987424,0.9822238531813356,-1.0,2.6104896272690596
-0.4879873401867394,0.3281246822963195,-0.45750012050764477,-1.7081937532016283
-0.041238024418399855,-1.0,0.30911959207299833,2.4348924319309955
-0.19849425321005865,1.0,0.7664141400418392,10.083345779430047
-0.133562667429731,0.5466127822301603,0.590493238933719,0.7352861494581662
-1.0,-0.7613530787773781,0.7067571478885526,7.796718405199746
0.8202126625155066,0.15763210040325326,0.993375531677638,6.177406749352933
-0.9944367064038178,-1.0,0.5659633184835415,13.16766555910226
0.00984052419585435,1.0,0.03708133386190182,7.0313277634491
0.12396747761391835,-0.315211007596794,-1.0,-4.521614062115985
-1.0,0.16494473756030503,0.19273104411668318,-4.752496172275887
1.0,0.41805401034195944,-0.3866355261467729,5.386189542006465
-0.42383164559923237,-1.0,-0.06259284751369187,4.208937008782047
-0.42958757511336776,0.21873970193563674,0.11125197979845458,-0.9264135308933013
0.3769334831763129,1.0,1.0,9.874780505994329
-0.3097566290598659,0.2779345222611389,-1.0,-3.605629372640706
0.5461660854741781,-0.5441064796538346,-0.6002678691060781,0.5244739317639902
0.02156774361051239,0.4725174413935216,-0.11355994227462096,0.8035311703372116
-1.0,-1.0,-0.1728125491458803,6.748730628895687
0.42984284587705734,-1.0,0.11824251567912492,0.7436610098489198
0.30970483865180043,-0.8381477193869697,-1.0,-12.206278834619107
0.9471131018404628,-0.5652502059594173,-0.05611677786675062,2.377962620930746
1.0,0.1388141521002173,0.6523878854844962,8.480243720533784
-0.3103798502242885,0.34262248639169335,1.0,2.6291122068368407
0.7734934026147928,-0.6455455677164172,-0.14603848181543122,1.3699071639819516
-0.9848198084404483,0.8068428321241778,0.5710589341107388,-1.944026392109452
-0.4261007769060836,1.0,-0.190034826528636,6.776232711245692
-0.20944915518461316,-0.19329105401705982,-0.6567769561454455,0.014808657986576268
0.6478024070760806,-0.166491721142201,-1.0,-3.172092279369093
-0.3466063501051908,-0.2582000756261489,-0.559006451988872,0.29646113408013136
-0.6956811520543802,0.70158409184609,-0.7429216944868295,-1.4595287479367
0.5139300286935595,0.6408461473135021,0.018905573464506942,1.1232482953558105
-1.0,-0.19185571190935624,1.0,4.67558764581054
-0.3235092965377635,0.2931533409506786,-0.5455602574130827,-0.9106479340875966
0.8459773099340213,1.0,-0.15020198377239757,10.708357128552578
0.6106529556975899,-1.0,-0.5546764855678965,-4.235065803478992
0.9160013129079836,0.2811727518948035,0.822801569605879,9.096122403914563
-0.49230335677298953,0.7297885442849006,0.13297276292303994,-0.6012373411472671
0.9399377739675563,0.58625940700949,-0.366507598094973,3.647879267676836
-1.0,0.1039872089020546,1.0,3.2157677029061023
-1.0,-0.3897895266755731,0.03216593157595393,-2.7703675910579624
1.0,-0.10384994455741703,0.2544631226885945,5.185458399513586
-1.0,1.0,-1.0,21.080223830781645
-0.09429297595306663,-0.0381084428069518,0.7607851205403431,-0.1558110259573553
-1.0,1.0,-1.0,21.2360843233735
0.8627070917004185,0.5317880987133512,-0.054563650073209846,3.188699297477493
0.5735725246729739,-0.6777007749789212,-0.7481294998375323,-0.7719150957722843
-0.5410795614071393,0.17188308350558867,-1.0,-0.34707301263591683
-1.0,-1.0,-0.5591411509061945,4.473019067207267
0.4563735463067389,-0.2536086910555324,0.4081949879577751,0.7284109576655521
-0.42180134380045864,-0.7735454592613382,-0.47145584091917203,1.8839941802373474
-0.48723465394303656,-0.09018520707231459,-1.0,-0.7522290202595724
1.0,-1.0,0.28536542385659325,-6.9249983473495815
-0.4446175505562455,0.6797790007860698,0.6402933141721419,0.3760800051458294
-0.824934446765252,-0.3066751139092394,1.0,2.995693711634704
-0.510838130132258,-1.0,-0.925978348252118,-8.285164793655879
-0.08721446855535087,0.6637371658412856,0.3247363502367,1.021753758080267
-0.34081776751067006,-1.0,-0.0025581710131457047,3.8275290808387483
-1.0,0.2739335774201077,0.6129432998224751,-4.020867740290146
0.3592347602397976,0.767444719612639,0.4733859806507883,2.2473876990846255
-1.0,-0.1794880494484672,0.41805937113919445,-2.7297672112505973
-0.482336509663462,1.0,0.15261615863286204,6.270342461995369
0.6576160005227187,-0.12410177215417972,1.0,-0.526163939278756
0.13812379554834653,0.9476016395393569,1.0,9.424243772308415
0.24256919556785617,-0.7147341304943648,0.5702024696155443,0.023904899650224132
0.16048149243621834,0.7608196849712419,0.5211538612769393,2.218561190386648
0.7885374995581076,-0.563170134507591,0.24964177683507538,0.628516282518063
0.08561828245896752,-0.23174098200393178,0.3173136364140505,0.5731454933896859
-0.11505269280031505,-0.7138185452812111,0.47927549281588266,0.831028181454626
1.0,-0.7526600365009775,1.0,0.2447363626367023
0.864319170378469,0.7392790868485319,0.6142836675030923,7.640721028626096
-0.06015966272484974,-0.8391821131863264,0.26117925915875806,1.4476590290597637
-0.49456826525707465,-0.1732458613661354,0.8019515593637114,-0.4803212667535716
1.0,0.5877868686496199,0.3141163485617702,9.147155279345709
-0.04152150605837557,-1.0,0.7890702567773853,-2.1567009284275023
-1.0,-0.18053708546071578,1.0,4.43593335671486
-1.0,0.5339016392388296,0.36416200619796646,-4.149374069799441
-0.631320584659423,0.6818855116596363,0.860807775807894,1.4965692039149905
-0.4032197546410119,-0.030545234700682933,0.3387919633126797,-1.089202991222293
-0.017009999323736702,-0.4607523653724446,-0.5513300493939255,0.7760660343438696
-0.2638986148453206,-0.2563438016036099,-0.3374578455676862,0.11895171235903657
-1.0,-0.13569652454902004,-0.15847060000189894,-3.864374143490393
0.782994436360682,-1.0,-0.9461123551976918,-22.061736417668545
1.0,1.0,-0.8143264682007458,30.19857073862968
-0.6691830226688114,0.58738906800862,-0.5021408575141049,-2.1869745324358703
0.4682168439115548,0.10548064525610257,-1.0,-2.999802488159256
-0.7969345103478129,-0.11351542185699626,-1.0,4.394521836081784
0.35948714809014315,0.6382673913743648,0.6003214085742545,1.5829750296995648
-0.5027707440447404,-1.0,0.12149080942423596,3.8767745238000657
-0.5774773854452995,0.5161262785884069,0.7492600722493916,-0.23422502627995193
0.05898851398902627,-1.0,-0.06113163009032796,2.1193393067716086
0.8450395271598972,-1.0,0.5430310861169534,-3.337775979382006
0.20620146194235867,-0.4559724144337245,0.25687415223704746,0.5797401795902442
1.0,-0.2896005845070069,-1.0,5.348948914041572
-0.2616843896348253,1.0,-0.3336885556134581,8.128181006978629
-1.0,-0.8752359764098936,-1.0,4.782367160915921
1.0,-0.34931849677782534,-0.5367338311647603,4.958808744280063
-0.2410569272656946,1.0,-0.7486193692639522,7.510610460296522
-0.2668506554344823,0.47840869783935136,-0.8235882180425609,-0.9777825470591394
0.36393802131719233,-0.4203287896592818,0.8566293591097933,-0.6985740837298766
-1.0,-0.9835059167247684,-0.023760505119623243,7.092047232447961
-0.02940063810902127,0.45643115297857695,-1.0,-3.3685619417536725
0.12230766448108077,1.0,0.3437748956339022,7.815005567866812
1.0,0.2441964309886775,0.11712218989539425,5.31223649845399
0.42221164049561755,1.0,-0.1710452446531423,8.859537472379861
0.7411769804956765,1.0,0.9014986833812764,11.00394590641698
-0.5699597663022273,-0.1768325305216607,0.14198806755245075,0.18176359346770057
-1.0,1.0,0.6062200370863897,1.7418367302771638
-1.0,1.0,-0.004921106390756158,7.947547457865236
-1.0,-0.5894943384332563,0.12828344053200103,-0.010515830371062202
1.0,0.6996620425780833,0.15280663028470576,8.313122136915432
0.488009668611759,0.6967127179322097,-1.0,-2.2505989979617844
-0.28715986558973117,0.11029314584048144,1.0,1.6210723824565547
0.15673311449726457,1.0,0.40623484119651265,6.436768931971871
0.07467746322941515,0.17375122557991096,-0.914527211128078,-1.674250873028127
1.0,0.7982048312339616,0.005325997552336537,8.965727752471285
0.6806870468424742,1.0,-0.058935758770541025,8.929938741523182
-1.0,0.3646077770946783,-1.0,15.767169615949863
0.5518601851078224,-0.17719741201703854,0.9490853614157875,-0.48259499897711966
-0.7185157956177008,-0.6952417977184886,1.0,3.6376705785184384
-1.0,-1.0,-1.0,3.0251159136984196
-1.0,0.3277724819424197,0.06708829851372311,-4.348454036100814
1.0,-0.4303636909393662,-0.9081654845147871,5.2002925891342695
-0.7754521308344366,0.0711641965923071,0.04747008736917735,-2.3821012297846056
0.8564476354345325,-1.0,0.6409636432312047,-3.6240115203317083
-0.9948694697093685,0.18016505319860898,-0.825730815736907,5.061979802319468
0.8192128150952391,1.0,0.855891576070289,11.9043391219351
1.0,0.6326612902542865,-0.34999679065925804,5.810850251353511
0.21064896227243257,0.7497876120905602,-0.796723371286824,0.809064894595541
0.23516824043732587,0.3704112040261385,0.19857585848184733,0.5014255083212011
0.8886686888311788,-0.286474553413002,-0.9209466697760729,2.0440648205233454
0.5242263241922891,-0.6692607756372455,-1.0,-8.291705211300323
-0.03621608638654039,0.6130178821298147,0.9263558369140328,3.492552553539759
0.6927515952739747,0.4335180615181293,0.6741409628496489,3.750550751217827
-0.24431825812820507,-1.0,1.0,-5.666863251579007
-0.7289880305717018,0.005470967594847886,0.6072004858861375,-1.8162190530089295
-0.2561171051320217,0.3099899090008178,-0.6278024306388252,0.3672124848502094
-1.0,0.028870628629415584,0.01810977892936605,-4.706689240745225
-0.5079260607800289,-0.8591988490200497,-1.0,-6.903632160632043
-0.12771741170408468,-0.30781444681956427,-1.0,-3.8197058136434148
1.0,-1.0,-0.7123380330906464,-14.389899584394179
1.0,0.13727820853138462,-0.25480995882330126,4.811842508571887
0.19689979513446043,-0.5735224896891884,-0.31654501085338893,1.0786056619373547
-0.7639945907813863,0.5715251843658422,0.2470571599710396,-3.1720102709127707
1.0,0.3637861701126974,-0.24983973464557763,5.419852584199151
-1.0,-0.03288226255682769,0.6165663760266216,-3.7882462508531742
-0.19014703304488845,0.7497400579087898,-0.717740560271837,-0.17950265031640722
-0.6161699923130253,0.5061752175090335,0.1363008584820904,-2.0134491357257747
-0.3180544796717153,-0.9483019774982704,-0.9161923432150239,-8.317589650601144
-1.0,-1.0,0.9428190680553896,20.73329929539121
-0.5679112683067151,0.3399823807663036,-1.0,-0.4701698027586051
-0.5316059507461011,-0.0632385424053108,-0.7544866836445405,0.48488851939597355
0.9842901470944001,-1.0,0.21253537807072687,-7.370602028833374
-0.412936416929538,0.13374993656055167,1.0,1.0271809908913339
-1.0,-0.10027382470775525,-0.8535830156260467,3.890994664802353
1.0,-1.0,1.0,-8.871383295434114
0.1908515775213111,0.5661297098528106,1.0,3.978762434535293
-0.6190606817855968,0.087923615841214,0.5264125877546415,-0.4548420654999784
0.18679769544447322,-0.2861232651612349,-0.1682191866130689,1.2517272795677206
0.13492690253833484,0.39330657732634045,-0.6428411165763372,0.5446198483218403
0.6157326952602544,0.726459345818596,-0.8852075934269426,1.323557302668522
-0.02029302652237508,0.47336841573285793,-0.4140372087760167,0.4943998939481966
-0.03617010709351831,-0.1388027058695347,0.30789470188295276,0.11809285443653639
1.0,-1.0,-0.8584246533931201,-19.65817939122418
-1.0,0.4096307456872039,1.0,4.0473040672420355
-0.37807242815680664,-0.8876697658976875,0.32849924448429646,1.8435595149693416
-0.22625349781111237,-0.34373506692970524,0.1414285188662281,0.36503890955132834
-1.0,-0.020730396850819233,1.0,3.5065680655889944
0.3672423202511166,-1.0,-0.3952429026400446,-0.46295409408453736
-0.22477955772264813,-0.3435085911377056,-0.23460958245770658,1.4568436852434803
0.1480001742800625,-0.6269208309515211,-0.5524667847859608,0.9227661204112924
-1.0,0.03717427762784675,1.0,4.0635337860797565
1.0,-0.5031369212405901,0.700795016924082,6.415047602639742
-0.46433151217575075,0.03701354446188976,1.0,1.6645691553365525
-0.30407179875688506,0.4580159911941031,-0.09326930667790179,-0.8848456239636893
0.805840617722811,-0.8581151863774854,1.0,-4.092948987138515
-1.0,1.0,1.0,16.90862402786335
-0.7473630574303938,-0.23584531843478573,0.03584047280023972,-1.3644672288365682
0.3801198596322577,-0.026247000022201705,0.23299256205795982,1.3940063043678883
-0.6527925880681922,0.005381963618209973,0.9804180552459318,1.8931257921281883
0.5107226746944664,1.0,-1.0,7.443988765020384
-0.4901160393875763,1.0,-0.9900632878837132,1.0776821615814418
1.0,-0.18433701171672312,-1.0,5.692800616938291
0.9600749704684435,-0.8432333126926546,0.9482344435705599,-1.0273404678577913
0.3082042696053593,-1.0,1.0,-7.196534120340568
1.0,0.0714654308892797,1.0,14.354561647798311
-0.0949752754536537,0.903085358595326,0.5044369094567207,3.924781869892076
-0.2746810437979661,0.9941446436370949,-1.0,1.0604854115974254
0.589012491590766,-0.9368064721462164,-0.16207562863037128,-0.5468126570127172
-1.0,-1.0,-0.3758257126401463,5.286328457125565
0.47687744991263115,0.03492431294281606,0.08915923261741532,0.5342069901588223
-0.8614523877500877,-0.3203516805912425,1.0,4.591565116982227
0.2254338632903019,-0.6720334399565799,1.0,-2.3324013758575664
0.2876910432071318,-0.4866978894454934,-0.516028764873542,0.3915148445588259
-0.7062228520832605,0.5639855134662111,0.6138567058585733,-2.2097901076161284
-0.9842821919083542,0.9357721350989749,-0.6840592866927255,8.932469719749777
0.8234616707210232,1.0,0.40604884301554156,8.398533422225492
-0.7658799414279969,-0.7424204910906171,0.3580940998364113,2.6473587935437344
-0.6157845042893513,0.36454547538148474,1.0,3.452085767920653
-0.43188747753934065,0.3583968089079017,0.053166833629774146,-0.8461178948962643
-1.0,-1.0,-1.0,1.9665361333431413
0.10904473245552837,0.6674805548447462,0.6905289443613845,1.9253688901103347
0.5594532819573756,0.2808262030927615,1.0,2.154077622359955
-0.11209015463362948,-0.5794031199754897,1.0,-0.8917526937651776
-0.4765217917486768,0.6490352169064701,1.0,5.798544181272566
1.0,0.5917417729357703,0.14659812941802208,7.683474156076117
0.5266053034114453,-0.35938702359939145,1.0,-2.327588718050454
-0.15167869086401042,0.1318058499942769,-0.0031390033699656428,0.8019659971274312
0.2355399386312791,0.8309655220805354,-0.3457826241227733,3.0799301450140595
1.0,1.0,-0.45645016955739326,19.9025831943293
0.022428394887112235,1.0,-1.0,4.429162380930837
-1.0,-0.4396732594787103,1.0,6.9700504111682715
0.5962418130634597,0.49786911278417967,0.6593997846258366,2.5469212692130374
-0.4280517499265317,0.8801563307315043,-1.0,-2.6575701724549248
0.26463269678050927,-0.05057844401141032,-0.2973567054711508,1.5540070944590418
0.3081591480893475,0.13350642785066813,0.3643373484556145,1.6271221782894831
-0.5019895397085852,0.9927678378913605,0.12710997188636552,5.309756448628303
-0.09459470369066558,0.2294647797912679,1.0,1.1614542689236724
1.0,-0.3126750508631957,0.3611208169255098,5.270343784920074
0.17340300890632587,0.773908416193354,0.14130633688988659,1.0572313127878288
-1.0,0.11668154076885306,1.0,3.768348508349149
-0.9175421353713655,-1.0,-0.19328013926516951,6.446339138103542
1.0,0.14400762655349597,-0.24317840615873454,5.258869449767561
-0.7499103750648337,0.23709301512486358,1.0,3.259576319335658
-0.36508150909691506,-0.16842753929439103,-1.0,-2.2212803093614957
0.6633917795482098,0.5014237741989038,-0.3081763941612361,2.453418452422573
-0.6949248485241588,0.4025396112157362,1.0,3.6691191834911776
-0.6713736165043271,-0.36828218012726244,-0.5427380357691582,0.9793658634487393
0.6466895314967105,-1.0,-1.0,-24.359004516634307
1.0,-0.362473331542855,-0.24410955727676664,4.12415634248228
-1.0,0.4124638305330717,0.07034955478719329,-4.631871287349346
0.6737768206018802,-0.25291607781878844,-0.039768101569514824,1.0101836716554307
1.0,-1.0,-0.5362368274079305,-10.837375952244942
0.7506061470490077,-0.29944923362580966,-0.8361479592871301,0.37669525174450635
-0.09035191731075143,0.5929552030432312,-0.9953893515745844,-4.485935560142734
0.67427661008656,-0.024141020888283515,0.36518218382637224,2.3107296857704123
-0.1810031661907121,-1.0,1.0,-5.656014220358903
-1.0,0.6519874186003578,-0.6143021054478996,4.617511747926075
0.7627953906694813,-0.8550826471437829,1.0,-5.420964975624838
-0.21785663209770822,1.0,-0.3106441169161349,7.536332257424799
-0.6389679319234207,0.33037889856837444,-0.5771037229946474,-1.802349791497428
0.44855352622516387,0.20955176065873293,0.7554445266134726,1.4703535183080916
-0.40713414516617297,0.9047928901090305,-0.3242956867986968,3.0189813199807305
0.17984145614469393,0.9153139936207948,0.2655512468249326,3.860809179734111
-1.0,0.24415298184705492,-1.0,14.473000109156294
-0.9001161080727016,1.0,-0.9277923836378767,8.51817390078981
0.7660401210747698,0.5752014490976773,0.0462680344004065,1.4448877374306448
1.0,-0.25762793936954176,0.8706732413755662,7.311513526465078
-0.745017848463382,0.728598764383485,0.7360784356898571,0.6325964237182373
-0.23701667104785695,0.22601847503186834,0.14116009033156796,0.019669199503358048
-0.15356874083935113,-0.011659248920333987,-0.815430623396981,-1.590651389975936
-0.9598571584759616,-0.4851969081434193,-0.38370618204869866,0.5817555263459973
-0.08847151507876383,0.01859963008219223,-0.5944761740890772,0.7188192745981953
-0.4545574644977861,-1.0,-0.5033451251261387,1.3039783296092928
-0.8277533649013082,1.0,-0.024043769960544692,4.06599279264388
-0.4349389386349529,0.5702355163300519,0.02957563555350884,-1.4449217200010998
-0.5582572762054627,-0.914096240576667,-0.029116812708254614,4.381573797520989
-1.0,-1.0,1.0,22.46646015295194
-0.033493183634207835,1.0,-1.0,3.834438821003112
-0.472820844673989,0.29465679819247637,-1.0,-1.8114649464039847
0.40169406891726367,0.7814891507926858,0.12942709253939544,1.6863658297721145
-1.0,-1.0,1.0,22.43991834483904
0.2743687316767969,1.0,-0.0021852077452675367,7.621116374671047
-0.6799611780883212,0.9360163142181679,1.0,13.963079741676989
-0.7288808490773404,1.0,1.0,15.8515405914009
1.0,-0.4580054892486809,0.06282563422911958,3.6937575128681472
0.5112921796198646,-0.08116656190348737,0.6400184376850508,1.610959704113555
-0.06637536760516793,0.4480208860127308,1.0,3.112234108444396
1.0,-0.5405867388958512,1.0,5.4575551116248535
0.6208715334369872,1.0,0.38600325754764064,7.200815661208719
-0.7291919478163293,0.7756516303195211,-0.2703939332840408,-0.549994757995328
-0.10047622699609438,1.0,-0.7709295839937917,8.49020830343446
0.23537074404911862,0.591817385310802,0.7682270250816496,1.6322401860360252
0.749770809008141,1.0,-0.6213624426225839,13.365259000081915
0.5752464808131252,0.015729845223605432,-0.09799176784422081,1.5171247134639048
-0.1079520201982136,-1.0,0.21322242896409294,2.825184902267017
-1.0,-0.23146349561118917,0.14796672222174423,-3.629355651120285
1.0,-0.9224650192750175,1.0,-5.327894340377133
0.029317263425642448,0.5664895877411096,0.6067410947901541,1.3596321849032043
0.9978022901929005,0.03754863002190256,1.0,12.598292893218481
0.46704833033557835,0.1839029553199485,0.13283745995880358,1.6578628981357741
1.0,-1.0,-1.0,-29.833299251198458
0.7641802913697664,-0.6271084446875819,-1.0,-8.229603537489888
0.5509122085488929,-1.0,-0.8038523924181971,-11.037719118317867
-0.06912256961416152,-0.5761297296924877,0.330158423024006,1.206036798226216
-0.35093135647444873,-1.0,-0.31310120930473295,2.7506067983441143
-1.0,-0.1980881140283386,1.0,5.3305724908790495
-0.8903290598520792,0.23732580069963527,0.18998584307667632,-3.67527195733073
1.0,-1.0,1.0,-9.56857368947531
0.301339875101168,-1.0,0.18647494687084598,1.5573690739100234
0.7966099492364218,0.4368595873192196,-0.9219872307833918,2.1164876892626876
0.2800196703573581,0.6918181148110398,0.5107806893227198,2.40675161802552
0.3373665835126074,1.0,-1.0,5.229862541536408
-0.45184000693178805,-0.3598622242605307,-0.6840363643200322,-0.36919745252710556
-1.0,-0.5139939077740259,0.1260437341745071,-0.9794075015491349
0.7720310359288458,0.3809385978435451,1.0,7.527629156708471
-0.44296458139797834,-0.0720053659317128,0.4819145240967335,-0.5536533235898975
0.03778167939424115,1.0,-0.8108735132630891,8.910136747974821
0.5854152849429419,-0.7350651863134223,1.0,-3.5990565423124394
0.08219952720650503,0.34087338830499103,1.0,1.67264927849771
-0.46919867656730574,-1.0,-1.0,-11.990078446298236
1.0,1.0,-0.7076698990648782,26.09642362905288
0.6380566957183227,-0.2969853324867706,-0.6542716290965815,0.6747642632589905
0.37776735256897176,0.8544999814532837,0.44789525544888087,3.3043174929345853
-0.04132075934300672,-0.22845756963612573,0.04827824748736176,1.2775575952762992
0.29702057248387703,-0.7544580206357165,-0.5928799944984067,0.7687787050170354
1.0,0.23164009714404732,-0.45656686977256933,4.634201797345905
-0.19848795124669216,0.030326813936539354,0.05902048966302331,-0.05418733108504689
0.23308364941712378,-0.07713059612202078,-0.29256067485917847,0.47860929645089767
1.0,0.1349482766876262,-0.7240858180311127,7.444166413612155
0.5512552664380714,0.5349347507284847,-0.0030718092221291293,1.6754308649453162
-0.5400737612134028,0.4875444888193783,0.2250378416630896,-1.0263136905031387
-1.0,0.5366354323472065,-1.0,17.763862374028765
-1.0,-0.7740317082538273,-0.5628849944909813,2.275014739307473
0.22562247002400126,-0.07879052155715538,-0.2864220929585375,0.37348648032039866
1.0,-0.4290880376474391,0.705471903513023,5.262230542019919
-0.01910919728818361,0.8544213055926642,-1.0,-3.1742481194704277
-0.9868321877786699,-0.8662748898447175,-1.0,4.218740214181635
-0.3814961599583062,-1.0,0.9950708693229058,-3.562121051115297
-0.4757353145311214,1.0,0.7120750995511653,7.795878716648654
0.06637186249855054,0.9874665447831934,-0.06395003404976851,6.9035907753031625
1.0,0.6088666551444677,0.06754309323216945,7.3339217169561035
-0.6971573010316015,0.4538343766468529,-1.0,0.6173179668002025
-0.41775043945472,-0.16233596815081874,-0.1622402339410407,-0.3039159207440484
-0.45941907466190024,0.5979365334710032,-0.35810588355277684,-1.0055770581893242
1.0,-0.8356285310551528,-1.0,-9.274205128165343
-1.0,-1.0,-0.1964418352595998,6.133508365168147
-0.055727400730024135,-0.5940668286301933,-0.008845695934323494,1.9589203649699305
0.671315843987174,0.9803482438975373,-1.0,8.91098330203941
0.4017103023870974,-0.4635369917718726,0.9455684698278894,-2.4428175284155405
0.2076356891963238,-0.815569368958051,0.25053716137911075,1.1206773218620378
1.0,0.2429869448261579,0.29934404937386594,6.104196566827876
-0.15045071404767585,-0.8679308112991251,-0.5657291576051435,0.8489687352270472
0.776713506514209,-1.0,-0.12160147563043955,-4.020794392854615
0.061379717789119104,-0.14542622151580464,-1.0,-4.165964027746653
-0.04940724413429476,-0.9099448371410979,-0.5467542132755132,-0.40123848270964485
-1.0,-1.0,0.2366996003699431,8.765912535906798
-0.9318860242840294,-0.5301854789298692,0.10807983950262057,-0.1791383811853909
1.0,0.039137705012465496,-1.0,8.990865910679673
0.9376971616176655,0.5362011313137875,-0.05546907929651823,5.025654127272005
0.6084200858381799,-0.5544577566905267,-1.0,-7.425397865836597
-0.16673789815261375,-0.5052913379665032,0.3408465993150718,0.878023445004526
-0.17399021779651402,0.5731184280942283,-0.9723024209518654,-3.7876536396635734
0.2877160363242697,-1.0,0.41782918389626045,0.9213459435144719
0.9160551353378215,-0.9836047692421483,-0.58687568726309,-9.373584643053235
0.35225790866591566,-1.0,0.2698216493237042,0.47671866087662673
-1.0,1.0,-1.0,21.610345674233027
0.14014263879898725,-0.12277613215514438,-0.6649661962737745,0.653112587042043
0.6745814045629388,0.0040466272947077275,0.620467016040132,2.7512418037128987
1.0,0.6243558983624815,-0.5715370157679955,5.9317902450943265
-0.9193698985905461,0.47578572531307173,-1.0,11.080770706590757
0.048399562703365984,-0.12978074380248805,-1.0,-3.443774521940233
1.0,0.5939558716552831,0.8737068492794438,18.114715839139798
-0.19043203549099563,-0.5404929813614989,0.43352982621643865,0.5540600523455749
0.019428647241916508,0.24450137965017404,1.0,2.1132140982270684
0.9162059648211855,-1.0,0.48651495485840046,-5.204267455859411
-0.43626409762262464,0.5334119705270619,-0.4699596660302703,-0.4554952027963264
1.0,-1.0,-1.0,-28.747940943782616
0.45411498610974244,1.0,0.5147574425487838,6.849655896126724
0.6007736791917961,0.8701532574120154,-0.14622223030521964,3.703874673541802
1.0,-1.0,0.23053615213054335,-7.490385965661473
0.7853378387997414,1.0,0.8019698987095827,10.591684937660489
1.0,0.6077929359923135,0.3301012672699766,9.243575466787764
0.5547100703921226,0.36484773608139087,0.004797628851598956,0.9851266237585368
-0.10571429421686607,1.0,-0.6225305222706203,8.882250398910355
-0.30173613054572157,1.0,0.066482809133797,6.903118166258109
-1.0,0.659496243800568,0.7673162190989891,-1.9671720316807728
-0.4451484234490175,-1.0,0.8050011127293857,0.300218357218532
-0.8462857380189805,0.04693071117203851,0.48073412492966083,-2.064159826352421
-0.19098051825726303,0.03700739488608784,-1.0,-3.3730930341724394
1.0,0.750668794431393,-1.0,17.670536171997018
0.6527709294198174,-1.0,1.0,-6.891152535232328
0.17538900100296262,-0.44034582189083893,0.9996735022578493,-1.3158558691462634
-0.2843853239715295,0.3853691989246113,-0.7216394401871424,-0.2994769302943951
0.2951622163334273,1.0,1.0,9.70024032723908
0.6084902623087893,-1.0,-0.06748888116848373,-0.5868551852972907
-1.0,-0.5397696667405929,-0.26514353094798526,-1.187450058851986
-0.38664114572663544,0.1736931214999735,-0.09383619703556123,-0.8717644075149411
1.0,-0.4096764239287578,0.006430813583240935,2.9725732053497094
0.7840248053373333,-0.9115782721993404,-1.0,-18.34283944412113
0.4875523152933825,-0.8260692058791357,0.15733901633830305,0.8110824861588437
-0.7737043883662034,-0.048282088149712354,0.2905254687304393,-1.6102522458159165
-0.3722334501975071,0.25828233586572624,0.03660293430587935,-0.9022589222771191
0.006374975776809011,0.1535566756589961,0.6376862929327696,0.2781210954637948
1.0,-0.262304460226507,-1.0,5.148977632287533
0.933010886148554,-1.0,-0.6456221566379667,-12.165148266351641
1.0,0.4100223171529771,-0.8972425832479858,10.07972015701862
-1.0,-0.06040802376451859,0.5935849445652102,-2.764961315443463
-0.38341772207014047,-1.0,-0.4700812758359798,1.3358086570826437
0.5455626025465485,0.05615715332729754,0.17600521054380902,0.8586333564961695
-0.32589598235596995,0.40015511492636624,0.9726018200428732,1.5291940686807532
0.4507330477564786,0.49659631801904847,0.13294328888787432,1.7462829642301028
-0.13131098721260903,0.479022428414853,0.7109006476326554,0.6352983116349586
0.24339079281624043,-0.06752602944095076,0.47801227125417367,0.7818902814056405
-1.0,-0.2622016979882915,-1.0,8.805073471063972
-0.39375644320772163,-0.019584840627957956,0.1383751335776966,0.027312130392460193
1.0,0.018093078454995748,0.5364665882064132,7.597078568772224
-0.6625761892055442,-0.316498977352623,1.0,2.2750732723875777
-1.0,-1.0,-1.0,2.9849008311107235
-0.8404452443647379,1.0,0.8927972738173815,8.621820790781316
0.3533078280351616,-1.0,0.08248754618378462,1.2731209359745246
-1.0,-1.0,1.0,21.200861625586725
1.0,0.9228373142257347,0.5247184381605918,13.263252381299866
-0.3575283975297119,-0.451131345651709,-0.32615152409498993,0.7820194730531567
-1.0,-0.76582498152424,0.20776030034448345,3.4104923620283945
-0.0004407894620741537,0.47351834074844046,1.0,3.2798559953613315
1.0,0.46109767372438304,1.0,22.85601628628545
-1.0,-0.7584823765278599,0.7507853284703716,9.17710414211673
-0.5885108501736851,-1.0,0.9733048998583809,-1.7444308870338912
0.27904602254790256,0.12912377182984125,0.7408009571855669,-0.364417589572245
1.0,-0.6930773152440624,1.0,1.5091171487635588
-0.7239372039312633,0.06550589290946829,-0.10096263063414268,-1.2738239139809153
-0.8833867508052407,0.585152301131612,1.0,5.012466558594097
0.026328943221873402,-1.0,1.0,-6.801533861229927
1.0,-0.1458425740786249,-0.21324112329717027,4.477237872317061
-1.0,-0.554998874012975,0.06504054068062648,-0.24024977652202267
-1.0,1.0,-0.7296042733946322,13.749327333085594
1.0,0.8463290965077628,0.2955373160153456,10.60665602237982
0.025945414662562838,1.0,-0.05068635760208284,7.891734050433036
-1.0,0.3417314495448387,-1.0,16.56338602241572
-1.0,1.0,0.3901926561392439,3.25374984865356
0.4330627830507112,0.2226951567804092,0.7605668867208597,0.34997684337732704
-0.3000807343501366,-0.27098879027158884,0.8774616238942248,0.01359152362567951
0.2831746510181947,1.0,-0.45310872227303745,11.349666328139511
-0.2640028761752846,-1.0,-0.7853544210002987,-5.1556681695581945
-0.3931131458819357,0.963820245146461,0.9274832043142662,12.64531634552069
-0.40594445339564933,-0.18856215951714295,-1.0,-2.0320794992248
-0.26496750230945576,0.47071235911928655,-0.4090433513153868,-0.4940128769096147
-0.6933199748042964,-0.9534035747140746,1.0,3.3955486435265247
0.5486108890456605,0.08775640456308853,-0.09215561612229806,1.371741615437625
-0.9399306341178149,0.6089140641436288,-0.9450679653549754,10.125673637957464
0.6312480058731493,0.28323754708806725,-0.172876983139568,1.3474163155246384
-0.9243146639717144,0.18403850750724216,-1.0,9.657796455717802
-0.03155594027670361,0.9893372511825604,0.5267476772332251,7.8875969733885745
-0.5148126117032137,1.0,1.0,15.833722559076122
-0.40896472700480313,-0.7124145519156175,-0.8347373795207671,-1.957738292671825
0.46204865951184804,0.2715779131277827,-0.9861623195457034,-2.4007178390316413
-0.274336187570553,-0.3584669848809332,0.3403156561134908,0.298540849555387
0.08381668474217818,-0.28355123947582284,-0.10268707772960761,1.0207296801623775
0.9777911461076856,-0.7502148467747687,-1.0,-6.028868151080652
-1.0,0.5776412448293533,1.0,6.051876865241767
0.24756601692771452,-1.0,1.0,-6.190154415546843
-0.28810685599357444,0.9273199271817132,-1.0,-1.7582142282053015
0.9193816411248221,0.5415470880207385,-0.2613781533570867,4.074937707072214
-0.28549005641897907,0.5332544977906051,-0.5249504054543872,-0.45013560735142566
-0.2836588924407992,1.0,-0.7548872872390038,6.8894766392036395
-0.008794596821357414,-0.4497886137166309,0.2818081216084385,1.163139998644066
0.29132564581402476,-1.0,-0.43603372754102687,-1.3528449474382191
-1.0,-0.006876701468056634,0.11250054345998972,-3.9611902922858597
-0.7846903709035058,-1.0,0.3733860432139373,6.611206616361311
-0.1507741389833721,0.6348781256337375,-0.8736774039178843,-2.0401722241021676
0.21134393800646922,-1.0,-0.6458018181331464,-3.6398078512944054
1.0,0.9699568379364698,-0.35433277304258914,15.859919194912779
-0.41610118244740835,0.728996830880513,-0.4165063203778032,-0.17685061865406754
-0.8052336570312415,1.0,0.9827940567902169,14.752968428873611
-0.4238324443491024,0.12770691138957124,0.24768951936710404,-0.9332950683037383
1.0,0.9929354086852997,0.9969844064490365,25.315610645994855
-0.2648716916324301,-0.44013398334861553,0.4937547115543748,0.8118469392675386
-0.925228893171613,-0.6924699512468298,-0.5251912367405887,1.680816843289088
-0.645690281359131,-1.0,0.42740133912014544,5.0379645113763525
1.0,-0.36306175719539646,0.5551302966079203,5.461546449480689
0.014856994270970869,-1.0,-1.0,-17.35909579344798
0.10706728137171484,0.4394807611892617,1.0,2.3126265705956457
0.4727326317157843,0.8724798235635811,1.0,7.5919240296247565
-0.699574110981904,-1.0,0.3186067947308957,5.4724666606689585
-0.9692581609833777,0.29187530502853964,-0.12029876032038511,-3.512023813131181
0.21158907752462608,-0.24667737620813823,1.0,-1.6733601477579185
-0.8977699361468421,0.48535270911044703,0.8548888570338495,-1.101719740148013
0.33359025968730416,1.0,-0.05068225240833546,7.8080916527359925
0.7394502186743483,-0.5909991558831624,-1.0,-6.564626082945764
1.0,0.267716784865637,-1.0,10.322410730259607
0.28162980113251623,0.6825989757101416,-0.014415200302571929,1.026677595374701
0.5786856276786525,0.6776830356160168,-0.2638814322545522,2.2101256930097692
0.7531207250489884,-1.0,-0.1622089447915427,-3.5797266426870697
0.5871535219890709,-0.0904653981151422,0.4016703232903145,1.1529445996429868
-0.5951874879990249,-0.1140732408602414,-0.8022606932890224,0.3337498361943177
0.48804373261107914,-0.28253748551118685,0.04865136104972034,1.4252166381460154
0.3409203120071391,0.8719276927147452,0.959940942169619,7.548289586988511
-0.04926784238252191,-0.2205558252107911,0.20120065376572205,0.9219905542951751
1.0,-0.35011644526607677,1.0,6.7354529787568085
-0.864384357491502,-0.980745727349269,0.3354525789901386,8.613432307467566
1.0,1.0,0.19494469368510048,13.643721280706366
1.0,-0.5422703004390466,0.05220379518429352,3.5746934495077523
-0.4436498824360433,0.13752158162640082,-0.929139925749028,-1.2272161468973264
-0.1482424790695609,1.0,0.12652960177971373,6.66009813200896
-0.5872023291769746,-1.0,0.7394492390091931,2.4676753388613935
-0.8247087604270169,0.3352471044127814,-0.7815220595827497,0.6643946961720186
-0.7771757471992642,0.09497623585825199,-0.9214599791062934,2.2964561470682043
-0.9224342623540047,-0.5948054841012282,-0.31691441269527965,1.2475271504431258
-0.11451578907197124,-0.25223529768405983,-0.029130549916647208,0.9176301132700119
0.9454248399533305,0.02320885882583701,0.14507411753714594,5.002544162688302
1.0,0.8973822089180232,1.0,26.326524060760264
0.14816298833584685,-1.0,-0.11035688480740058,2.1209202409159005
0.6164362226200788,-1.0,-0.9229426631911195,-17.708565701879685
-0.9937568145113562,-0.14159705818090185,0.442463647528625,-2.981425866758135
1.0,1.0,0.7686439786367831,17.763928147969445
1.0,0.3040365199418371,-0.6994933835943475,6.699682142673745
0.8541490967113574,-0.5658527214288125,1.0,0.4657723758220289
-0.5588175315043389,-0.16928530320423008,-0.9505861670232603,0.3025687992985464
0.41766335133535537,1.0,0.9375260235172613,9.851856111526772
-0.05069116078291902,0.28750440176692904,-0.2553420063891432,0.7050697854904524
0.30878912037834727,1.0,-0.39886304312418,10.7376682647409
-1.0,0.5505082466039031,-0.3992789568554622,0.5144713953613632
0.5154746695281784,-0.8547035619273176,-0.41719602038247494,0.4775121709031795
1.0,0.43893086862546027,-0.02463377655651433,6.301734940256157
0.02387581169268338,1.0,0.3520026786422821,7.67595018750176
-0.023094647033839788,-0.4173046609822193,-0.5369892157775826,1.4662960963429945
1.0,0.15551540001624908,-1.0,9.390244126561445
-1.0,1.0,-0.9776578943935224,20.8977147230161
1.0,1.0,-1.0,38.75690799202777
-0.18344666993071868,-0.09072438472813804,-0.49952629279493066,0.9010692666373047
0.04815575131766536,1.0,-0.5853040353692607,10.754011582427054
1.0,-0.6488441833802476,0.4200185765518456,2.660101217859463
-0.3527203361580995,0.007495589801348457,-0.6356679777320786,-0.5537274064864799
-0.02404657170917357,0.664886381704944,0.47976557349797444,1.6126082211847748
0.025642736942516953,-0.16634650910441384,-1.0,-3.6472274442926085
-0.7623586878374078,-0.8615507187269453,0.2282198527510042,4.192581779707053
-1.0,-0.169947561383907,-0.5934342571429592,-1.5424392260623079
1.0,-1.0,0.8153187688882577,-5.69235686707805
1.0,-0.11475681553211237,0.9565523138355636,10.317516960419601
-0.3541727392073335,0.319502137603177,-1.0,-2.4848610768745907
-0.40130163377155026,-1.0,-0.45233124018791426,0.996420159194743
0.5682552165180121,-1.0,0.8659444937792617,-3.7858711950153867
0.8639485911210771,-1.0,0.9078654539152005,-4.852180201217501
0.8293762815292613,0.5045415846261192,1.0,11.819385251669722
0.8012786183362437,0.785913127617824,0.15169488892120375,4.210282788122515
0.33572375755629214,-0.9670866302904586,-0.6566685390767713,-2.855087019989854
0.9072659700983869,0.36084598494233067,-0.8622482919148111,4.884743425770372
-0.05546315554212233,0.4862281013720475,-0.8924674555396408,-2.4314469200661306
0.20443678241605334,-0.4113539778816111,-1.0,-4.559607995127881
-0.28953180858892846,0.5768627787810978,0.5432329991054761,0.3382345896901379
1.0,-0.004367215706811534,-1.0,7.953382705359104
-0.20061307803963357,0.022952949897831143,0.7111313152512799,-0.11008072082528333
0.150369429835306,0.5005710746562269,-0.9425333205839426,-2.262003968589948
0.28236762453149966,0.39399930629126034,-0.05890689244983438,0.8886620018630722
-0.2586561907273759,1.0,-0.29360610991020586,7.426390761506974
-0.2025550180825817,-0.15967365714551107,0.17889768863211541,-0.05765634952262916
-1.0,1.0,0.5013929927863878,1.3582203485016375
0.8781564979921266,-0.9642936506954927,1.0,-6.844776247366848
0.9503327158941144,-1.0,-0.4992250507839848,-9.779606301157855
0.7889489950283597,0.4317090534868313,0.20367316763441057,3.02545775393804
-0.8404575175568312,0.181682131074268,-0.7639908462885558,1.4536016000270793
-0.3405918757922819,0.8614758807723268,-0.8983205746900913,-1.8281851585658506
-0.6370326536867474,0.8615022872857934,1.0,11.213510283339946
-0.6019312078607566,-1.0,-0.2682708643920255,4.369786265413489
1.0,0.5800994051333883,-0.24608524517322716,5.508185328854044
-0.2392384086835022,1.0,-0.03577181714161681,7.12943386829236
-0.7572450483489714,0.00905394031018969,0.7076923884872757,-0.8014579194184012
1.0,0.5712573490589916,-0.16039591457295255,6.008420054069934
0.8116186804831724,-0.1991824356876808,0.6386883530239575,2.9487259458366766
-0.07064896407633992,1.0,1.0,14.282989060015884
-0.7630928067557672,0.6542935422376197,0.7949028515240013,0.15215045717570408
-0.46174267047750983,1.0,0.5666042412588517,6.995506936534585
-0.08010940571644665,-1.0,-1.0,-15.92179072709031
-0.3627179692293352,-0.4706886296507433,0.8612238048404388,0.24510096248792868
0.5017998286628549,-0.7460080954187005,1.0,-4.267334131000896
-0.13358662496021423,-0.16522497193512575,-0.3130076837460267,0.5013300484900122
1.0,0.890732695182481,1.0,26.27566675154334
-0.3021489952522909,0.9931952879268662,1.0,13.805305192366607
0.07881846958536576,0.5961449641572032,1.0,3.931156566534481
-1.0,0.5021623314623762,-0.5463477584816643,1.816931433826611
0.7331103036384077,0.454407744318702,-0.8460268934538266,1.3793351120795636
0.6259463127863865,-1.0,0.8986666864365225,-4.9404230957999165
-0.42213913423680727,-0.8472866295069137,-0.4118097313709572,1.1333826236873952
-1.0,1.0,-0.3688202134380172,11.20472642301281
0.26927120411028027,-0.39436346641462183,-0.11089030358772023,0.8236470378289467
0.558963449746954,-1.0,0.8717089865051175,-3.726743109171482
-0.023202484808415802,-0.4167281598232375,0.6126657697135547,0.43521310391324397
-0.3810306594671453,-0.8530684073754051,-0.28855121477270407,2.113125968887391
-0.437094147154254,-0.6974973800393931,-1.0,-5.941372262266311
0.756578318625315,0.9569098418004247,0.6771451329805358,7.504651290813496
0.6848258009532946,0.4157482832946484,-0.736263749613888,1.593455958508041
0.8221037249146179,1.0,0.7501035893074164,11.009815149554608
-1.0,0.3324792029490242,0.46815361620058016,-5.025679409299386
0.31059461285630996,0.4472413670242077,0.6989982660560887,1.220551791895201
0.2517240489155308,-0.9830411289309124,-0.8681637237042623,-10.218441796356327
0.4059484913713294,-0.9509858807527785,1.0,-6.003842480237039
-0.7358717887342923,1.0,0.060348117787835776,3.3157842723100037
1.0,0.9528794010587855,0.6288939742317641,14.57146155831429
0.05048188766598671,-1.0,-0.10607781672223027,2.975205695156691
-1.0,-0.8469004988715452,1.0,18.14350768948073
-1.0,-0.17074182417112138,1.0,3.8253251877115715
0.3290445945270475,1.0,-0.4639416643934344,10.205336517871443
-0.1929442926397109,0.9977104837317767,0.3885126279359936,7.0694534754771965
-0.11980300871293825,0.14635272024100465,-1.0,-2.719933962636955
1.0,-0.8306947146345895,-1.0,-9.47452816163086
-0.14507439095871288,0.10672583470719998,-0.48836770296883114,-0.05225512525492332
0.4795600688050139,0.530288978680461,0.3513446897899186,1.2144000261869197
0.22918943538710357,-1.0,-0.1953660986523238,1.3887278899650264
0.06512311640591206,0.8079303625843413,0.893674680480897,5.345249036771255
-0.8572791092504277,1.0,-1.0,7.143110547353545
-1.0,1.0,0.9706607827397149,13.666155764650293
1.0,0.2309109378093428,0.09432206582025882,6.010035228720186
-0.16405511922460136,0.5734648876306325,-0.10699575941742423,0.46766224847037363
-0.40676074478723123,-0.06647471374462577,0.7855226887545548,-0.2915566775923707
-0.4679735442574171,0.2627496323413081,-0.41478891200152734,-1.4492895144383748
0.09545849197670986,-0.02902687090633327,0.5196643893462232,0.40941111877945496
-0.6532219861942439,0.2000355193379475,-1.0,1.517258630187604
0.46620810960939685,0.6446332300202411,0.20077516704228593,1.2763915621098663
-0.49938825335258485,1.0,-0.6669676784156799,5.250645764454236
1.0,-0.7923202172631552,-0.7382981816342005,0.9009653952591565
0.2811822150297876,0.6722489279524622,-0.6183958645745262,1.0427013055404524
-0.858137420872569,0.15298918691873387,0.8082065971414711,-0.9748822320141549
-0.6699822413632406,-0.14943443223566844,-1.0,1.6394994866544703
-0.7453312601204736,0.6818676910227321,0.49025147283138093,-1.79934794133707
-0.9612114248548758,-0.42502472300666305,-1.0,6.174930685446835
0.214472827434385,0.0413164088280773,-0.7668810291263592,1.1154236023424646
-0.3516150335849444,0.026033372627361384,-0.08849651364363198,-0.2082396004915752
-1.0,0.36834596302388056,1.0,4.474228479310407
-0.08550180335323732,0.4868178368808551,0.8564500792530361,1.3125494873929395
0.33992535347194464,-0.9418357083211255,-0.2710367034267509,1.7192883088041322
0.6031290920567147,0.09097563509387507,-1.0,-1.9193629189256265
-0.9946200642245189,-0.813625850082315,0.04974241137378166,3.911415474618298
0.6605593588925414,-1.0,0.09832825883078011,-1.7448353173928437
-0.7007372457850751,0.44743182486328403,0.07051649432647311,-2.6350586666134506
-0.6448593203795174,1.0,-0.6015759816479176,4.43639624336064
1.0,0.8536901243004618,-1.0,23.256001685377125
-0.0416606810295852,1.0,0.4478154823488325,7.4138263667496975
0.5237468642059235,-1.0,0.7047495965364332,-1.44764139524119
1.0,-0.02115832407956586,0.06182017044790755,5.14908166484223
-1.0,-0.12522090230113747,-0.7431245623382745,1.015528675295465
-0.08947390084098306,0.03311866457620516,0.8442129475262674,0.2365205506396692
0.879147255479322,-0.052187397071210784,0.21558652122124422,4.04726458482849
-0.3365294435323971,-0.3161098322225089,0.9867559027161588,1.3045215513550943
0.3719492563998499,0.12984708331861605,1.0,0.36259948294118705
0.019405979757368907,0.6471107230970239,0.3094320805471411,0.31051137466357953
-0.5201267994185959,-0.23347223103409087,0.24996890979236186,-0.1264868731275664
0.8666742059704056,0.5871574466139089,1.0,15.337006519395997
-0.8185762397541838,-0.05069327564065729,-0.14538803976994252,-1.7263994505305065
-0.9635799265263703,0.7934740930803987,-0.7437990892840782,5.952992460347998
0.49192748239345585,-0.7196322841140403,0.5349621743355042,0.5385426889572217
1.0,-0.7809243668901411,-0.24144154789510086,1.0878059218269132
-0.38122995400167925,0.6459165175124264,-0.6191433637884056,-1.0063523838099682
-0.23494590862401643,-0.6612123632500775,-1.0,-6.355335223118553
1.0,0.1309922678529052,-0.5677749805627774,4.9096437877124135
-0.578814207769591,0.460583534920733,-0.42400741760944705,-1.8813487169120537
-0.24000581158440193,0.1994410049476949,-1.0,-3.2588703382843356
-0.853997590675347,0.9594939332016654,-1.0,6.088126758782232
-0.09568456235332512,-0.6078201182430492,-1.0,-6.627529630526924
-0.52763990792426,-1.0,-0.2163188600826198,3.6197265203921405
0.3093218831815532,0.817256572878813,-1.0,-2.0975222984331423
-1.0,-0.7420485032986548,0.48334688147484295,4.59102627887891
0.5609268767269611,-1.0,0.22034824086646365,-0.743642675654616
0.014883666484126534,-0.697636759608647,-0.32424775086204205,2.212438120025424
-0.994759966959385,1.0,0.748417801918924,2.512596810814994
1.0,0.34104746082966897,-0.07757503825262657,5.817968765875794
0.5098941629666345,-1.0,0.9199476233113886,-4.791972735458268
-0.08047387364490377,0.4453244953582025,0.7882572991375678,0.5127248268300371
1.0,-1.0,0.05557476092978009,-8.14815315196765
-0.8255807803130539,1.0,-0.3111411687221972,6.419418257717648
0.13564344200693879,0.3025175144516341,0.6898058503626812,0.21290772486045048
1.0,-0.8576783231441356,0.3870928304174963,-0.05687130483877956
-0.845097035389849,0.36333980464551363,0.9265598980164367,0.8377478229509591
0.2764141512393574,-0.01474631862662501,1.0,-0.7215452149161703
0.08533423182919431,0.7867566877693317,0.5153698150198969,3.3536781895643872
-0.2823073106178138,-0.5011254003202168,0.9329913099288396,0.11910972866215908
-0.8484078788848461,0.289173611519318,-0.5624869504219865,0.33801458269849516
-0.5447760165849183,1.0,0.6945492852820532,7.198845135214668
0.1235588209524412,-0.4715273505686757,1.0,-2.127958699514533
0.40540393504840466,0.1287329600572369,-0.08154724742157704,1.0836295445843311
-0.3201157231783933,0.1704029678535457,1.0,1.0097744273836375
-0.2640937484643193,1.0,-1.0,2.762690340240016
-1.0,-0.12229912003065979,-1.0,9.138496905028152
-0.5817049446871003,0.1897107517094092,-1.0,0.1487298637895605
-1.0,-0.666616031029827,-1.0,4.289235450069964
-0.3334242239827081,0.6620092191387315,-0.9103095498903184,-2.821184752416039
0.3320158026728963,0.8512063460271329,-0.654077550640197,3.539103111605722
0.4920429260440533,-0.8895593586483383,-0.5914068293847181,-0.8193669937554323
-0.6651777417755071,-0.09864567848560601,-0.5243639601473467,0.5685681279663659
-0.1041052745938662,-0.5245074762930391,1.0,-1.9627146531093593
0.1171644249075543,-0.2230590021444101,0.461249060608413,0.6587999856805654
0.34517170048849155,-0.003386316453271254,0.49149900528405976,0.7432115104062675
-0.34109925890917303,-0.614058002409855,-0.24727457629842053,1.7291486494476502
0.11069582422117197,0.7229830710276519,0.060755230968621454,0.025638933547937226
0.0745791271653733,-0.7694521336213436,-0.12990734541851712,2.839542560265162
1.0,0.8523740516900973,-0.5272930562526243,10.396981957971589
0.2747325699961809,-0.8556907644815985,0.39926759298559733,0.9669572868486426
0.9944375315075951,-0.11008267251451742,0.5332089930399357,6.008187683301627
-1.0,-0.6531768293722708,-1.0,4.727020161841197
-0.4321018468383018,1.0,0.2647511578067032,5.907072710277733
-0.9821325898673869,-0.3261785619868012,0.059860402074130015,-2.9014961969210384
-0.41632437567116476,-0.655253792806272,-0.777696998166221,-0.2548352192004762
0.8865924888224657,-1.0,-0.8978670159595976,-20.791724918410125
-0.2840583937606407,-0.9658503867445443,-1.0,-13.775510291445707
-0.5150586188896435,0.8468060219103339,-1.0,-3.560936599259385
0.4887710461321364,1.0,-0.7215727326333674,11.792680445254291
1.0,0.5884489060870046,1.0,23.320596881419235
-0.7107497206012059,-0.31356975974879076,0.22101854845700197,0.5373084979595983
0.03697141860847264,-1.0,-0.357249103497131,1.5071222586584478
0.13272383910755048,0.04135142258377167,-0.36137859434496056,0.9450583395997693
1.0,0.22544012286242476,-1.0,10.28518885776204
0.5308830064282282,-1.0,0.41476023837364506,-0.3819349462421951
-0.9048224206289357,-0.6866185505449243,1.0,8.603069313002784
0.43280497557379816,0.27555376221523087,1.0,1.8850888359498585
-1.0,0.2556045104557376,-0.3090535180627252,-2.283081061043352
-0.7557831474308732,-1.0,1.0,3.776763891391049
-0.39141695225954654,-0.31527144710445865,0.5376657214212885,0.3031969339583777
1.0,-0.3759534956909354,0.24364029057031544,4.5290393082757445
0.2753167208872582,0.6409070952080111,-0.4353815008582538,1.520642293991859
0.24705881784607886,-0.023674849975782397,-1.0,-3.6687134341791565
-0.2729352658952098,0.3407092495155408,0.7119223336789422,-0.0035004631947008064
-0.35017972093626804,1.0,-0.8919271002125433,4.381149946909224
-0.6893260393747911,0.8669234089585149,-0.5725010388441105,0.7588462019448888
1.0,0.9226462532986455,1.0,26.994307537736308
1.0,1.0,0.1254354659372665,13.83440215162668
-0.9371087563092944,1.0,-0.1686585190487242,7.798290453146487
0.33368260797326155,-1.0,0.08782272962618687,1.6605611517216712
-0.1204724715602552,-0.35977740201732966,-0.975116311997521,-3.5675401625530707
-0.1524548725009982,1.0,-0.49642986381421306,8.354354229434497
0.62887776590914,-8.201481920067089e-05,-0.5004498898147369,0.9554507341989301
-1.0,-0.0505276858020649,0.245910439372222,-3.762254474893707
-0.34017605521385774,-0.6028421554677867,-0.038050598819102666,1.6663944389668206
1.0,0.23770798769427626,-1.0,10.778140581666081
1.0,1.0,-0.650550616063708,23.652927788845503
-0.41943110502433645,0.8344367670786961,-0.27978766969973323,1.039703863810161
0.13932394478527166,-0.7672573372421008,0.5454263298074347,0.6265635557970245
0.622775265751252,0.07117624576899928,-0.8076381103830776,1.6521067368659705
-0.05715877587116869,0.781754651916521,1.0,8.607565930017632
-0.5603168768716231,-0.458872648535948,1.0,1.6719573628261082
1.0,0.6159847777962053,0.41404400470621505,9.057208729940008
1.0,0.09178870781751924,0.10956334555152658,5.21126994145183
0.5204030797263723,-1.0,0.3875127345016103,-0.49527436493281163
0.42021394002114776,-0.047103807764806715,-0.43951493765907546,1.5923855881196354
1.0,-0.19223292234888012,0.18525135213038224,5.260217069174958
1.0,0.6180994628218457,0.7187000925202591,13.622640961281988
0.1535002365175595,-1.0,-1.0,-17.49935629964785
-0.23085706878938628,-1.0,0.10470706704677468,3.069248614120768
0.09346092264392114,-0.9463898879952635,-0.5541936697728065,-0.8089509661730474
0.6131710381663606,-0.22744089598289485,-1.0,-3.5027709375312823
0.6814650744428046,0.21183690122175558,-0.3595833463208842,1.7165361580098544
0.30835898284907737,0.10135926662032024,-0.9168076101166331,-1.0295379509847036
-1.0,0.8719660837951206,-0.7542672128691075,9.699982100313509
0.26954894171410504,0.023739203640584794,0.5252655098661352,1.1393278458325788
-0.634142967443992,0.24870741726141343,-1.0,0.1533529398083776
0.1539770359555579,-1.0,0.3225678477688705,0.7382628988642073
-1.0,-1.0,0.9492342900718855,20.843488043652428
1.0,-0.6981623048528813,-0.8902326235818265,1.8512285395402506
0.9922972095023628,0.4640524597401279,-0.09265720548226808,6.11372956171278
-0.39367710858629557,-0.4389973805839569,0.8880995543732577,0.08329976207016604
0.8663842379923965,-0.8959695683865956,-0.2081566881866439,-1.8174508403251917
-1.0,0.29108206710630524,0.46719915246685284,-5.055146053514651
0.5277871135391718,0.6436699414914671,0.7754160662507998,2.96624270226546
-0.14885904980643638,0.4650134696976156,1.0,3.4252181452135244
0.20742318804009163,-0.5181097280660325,0.8208652003489514,-0.5652862341664581
-0.5167796484321394,-1.0,-0.4479459971486526,1.8018084499665767
0.13425632749480898,-1.0,0.9885706419041362,-6.308725566625622
1.0,1.0,1.0,25.608699104260946
0.6629453809324242,-0.41160437117958226,-0.16287073960948995,0.7671354778312129
-1.0,1.0,-0.8110725812927913,14.899161691241904
0.9179396701540783,-0.5605661053796793,0.5612973424442547,2.5968594868954993
-0.09782641590215024,-1.0,0.620768371988559,0.10402100258616379
1.0,-0.3089607823973155,1.0,7.226032045797049
0.40805940651611605,-1.0,-0.5789634863917619,-2.511313479479781
-0.7553314381812208,0.6256621889981149,0.11669621937338692,-3.0720432584551016
-0.9630683265222657,0.45965296715770765,1.0,4.7724119078232485
-0.7526900157915031,0.8824058353810176,0.3908173537399062,-0.2861026187632034
-0.6727482647354646,-0.36623579833352604,-0.6404091040324134,1.7605476996711775
0.19108124404160765,0.5921759411322833,0.7138110260436294,1.147460871402858
0.3171524173726199,-1.0,0.038462046366133595,1.1496075195052156
-0.11836785094220525,-0.22998616395858273,-0.40818888846284906,1.2059756610727133
-0.6899384074913262,-0.05919749884707337,-0.601806332721581,0.3347907755466431
-0.38655283110826555,0.72930559933824,-0.18218556963669874,-0.4895331098282574
1.0,-0.05091549436315712,-0.5099686791111322,4.756847481914387
1.0,1.0,0.9885386316891891,25.509674534372348
0.4131168304227055,0.8009649252302904,0.2039138679075485,2.014887016432356
1.0,0.4102697483776647,-1.0,11.4337893615435
-0.2496306373248911,0.09552676920931402,0.4967218068672723,-0.5920717835405525
0.5351701958407689,0.6439167310025371,0.020416211692920072,1.1846079618749794
-0.869225599760509,-1.0,0.8228792013111643,10.546188870619918
1.0,0.312228624317904,0.14668206771166403,6.501957516604083
0.46644358938859076,-0.8412464241068027,0.6708931063711949,-0.1113420996190688
0.9972976912493272,0.3338257791232966,-0.4333978136000325,4.671987867350548
1.0,1.0,0.8343310351615847,19.914920590512065
-0.007811073259980761,0.10367381021068067,1.0,0.2913494283722469
-0.2631773460817315,0.24019796937582805,0.5695321854491848,-1.076947221562811
-0.5772607072294893,-1.0,-0.7482351948939878,-3.071622767665425
-1.0,-1.0,0.04884366653537309,8.51538870838902
0.5612929956480108,-0.14232074273392725,0.3995396852295634,1.8085069546393184
1.0,0.4042654732801565,0.252465252250204,7.772820582970226
1.0,-1.0,0.17464538549947783,-6.936962319254042
-0.20398328176997071,-0.04261307168780193,-0.2582936844394508,0.3822174199423915
0.38540624826640024,0.5528675014539906,0.6797734207319934,1.276835077470055
-0.12054436877676045,0.6937183861850704,0.36010410124962466,0.9926234047406657
-0.9198764207429693,0.1038930905207538,1.0,2.40811173323687
0.027709352457674807,0.7619742811706491,0.7889725447900573,3.6858346695638806
-0.6735834027082366,-0.0876407109957631,1.0,2.554321546443096
-0.22820880365656726,-0.3275068201448694,0.7954695339995066,0.37633186269964697
1.0,0.036941774785409054,-0.243351687356669,4.525161727460986
-0.966049426733723,-0.3169170080655128,0.8272841903685406,2.184666772808588
-1.0,-0.23368313163212906,0.6691435884544543,-0.794915157847023
-0.945433818609257,-1.0,-0.8484879192858108,1.5628733981133027
-0.05668662748814879,-0.39730327779908525,-1.0,-4.785694704688695
-0.7153344307570502,-1.0,-0.13066653678520557,5.038196430268906
-0.9952952894173432,-1.0,-0.5978130650857147,4.383213416960623
-0.3232005534921336,-0.6231554273454969,-0.45428602350787095,0.6347846848944723
0.10920888274435536,0.014562630751631334,0.014897368193689253,0.3543184842921093
0.01812860013655726,0.8431729779111155,-0.136550036350491,2.771787316174584
0.4895770736172109,-0.4624367088976964,1.0,-2.700143141989527
-0.325633756886174,0.2071801077492692,1.0,1.8154310524471267
-0.6926257154871152,0.46086206652547745,0.8393846297606886,-0.15126540542462535
0.08988436100805819,-0.24455407973226562,-1.0,-3.7689531745788236
0.36185425420442585,-0.6955342425933877,0.3570065689646811,0.10356512482764768
-0.7993954162423573,0.5749502983174313,0.8131597227315601,-0.4729447260508457
-0.9050322608174906,-0.19191723646654713,-1.0,6.077750374868353
-1.0,-0.12784249169617756,0.4711327146721074,-4.070060739336378
-0.9825516471186366,0.3920981569984918,-0.237750592953605,-2.2976195447006043
-0.47970107944782137,-1.0,0.034296802436141416,3.284583807978883
0.37648889994093926,0.5477922049045629,-0.194700080732777,1.2832287384383814
0.35482257126580774,0.5369097369295184,0.830111012185555,1.6261734029146613
0.2975956306151557,0.5933296905732997,-0.37410884295226077,1.4135609426824947
-0.6393214545731658,0.6684132049134046,-0.5263797895252948,-1.9197828489273263
-1.0,0.018630904469567167,-0.14146839356506713,-4.357784074997944
-1.0,0.058127556649663736,-0.5485023253669294,-1.43944944025879
-0.9145294205310726,-0.024687886153732963,-1.0,8.51617960012394
-1.0,0.6346391468105441,1.0,6.784387654697557
-1.0,0.06960202718692088,-0.7353298382286841,0.9946777651413485
-0.4213900314426926,0.2670198089034903,1.0,2.6663279515323715
-1.0,-0.0624925663522633,-1.0,10.394102504525042
0.3553392557751276,-0.6548952411278752,-0.3184207079010759,1.1900727952283048
-0.22672531542594965,0.27238720574842246,1.0,1.5636029516099421
1.0,-0.9462771934779333,-1.0,-20.733382759958587
-0.7085333516399603,0.28495584492801984,-1.0,2.1492743607654026
-1.0,0.6719818903162416,0.34883928934199315,-2.317870755659589
-0.41957584894811206,-1.0,0.6235976832158099,1.534931947194529
1.0,-0.36685155936792646,0.5848426027865619,5.342012076469049
0.8328272584081617,-0.46396831108624625,0.5167340853695559,2.5913147666596807
0.293683626179597,1.0,0.19514973030052296,7.4670293687119695
-1.0,-1.0,-0.5861491824629228,5.168101777463866
0.8236113278712407,0.20763234086627547,0.18796808164531953,3.152347236720803
1.0,0.13117924258879543,0.06119892950196282,4.428814166167622
-1.0,-0.9745116832004366,-0.47147463556253566,5.495678474738625
-1.0,-0.7371139535111388,-0.3925695864555736,2.4042010408524983
1.0,0.929480838123476,0.354054485017121,12.039015932409145
-0.7755592357337402,-1.0,1.0,4.1983873049180875
0.8151669231857868,-1.0,-0.07815662579283655,-3.9128072677421786
-0.9051826304571144,0.6965911949786538,-0.21609277311565167,-1.3959141469603789
0.2619625608253142,-0.13913094251795632,0.40119852175033777,1.0276318221015928
0.0543844677570271,1.0,1.0,11.979416397696177
-0.9114622418901788,-1.0,-0.34338183756509455,6.24121954494275
0.16246883801117562,-1.0,0.6776162675883064,-1.5003449373338333
-1.0,-0.8821289696188117,1.0,18.816608617300837
0.20834244590431394,0.3933373126838684,0.775123775488112,0.5597738110030676
-0.3853249268024461,-0.774666993712642,0.7327204785798882,0.4392654029159911
1.0,0.9141624743850798,-0.6426672724897391,16.023746275020045
0.4561000564523592,0.26123168398343144,0.3071743826523967,2.194481970261213
0.3299605088994302,1.0,0.06638788419287223,7.797918657008191
0.15406249105908065,1.0,0.49738855416645755,7.270888595974663
-0.6903449653738274,-0.46011307494174414,0.45945582363130466,1.554846909054666
-0.13497762896228505,-0.2844864305804369,-0.28549799893294314,0.7776017850659784
-0.01255768357619802,0.9033797582324079,0.10828673271917966,5.395907639938113
0.7935427247090032,0.53450401581288,0.4633382691746952,3.721676725457743
-0.9317327834802234,-0.790506542929335,-1.0,3.8910950449300747
-0.588713982040544,-0.47151825507927847,1.0,1.6934217054158518
1.0,1.0,0.08490753806286855,14.100409146941773
-0.8686234740051233,-1.0,0.3684539120646606,8.523599542183906
0.41917250644002313,0.5585731395230658,0.4905539135194341,0.5834213789989174
-0.4993041490603267,1.0,1.0,16.02456337297303
-1.0,-0.6871837421055358,0.4661823675892236,2.8724343566662878
-0.5062230727809667,0.2903113781848692,1.0,2.325058389502742
0.584160381766121,1.0,-0.3003784683339843,10.438579271735902
-0.7794868074064876,0.48952312456834624,1.0,4.135722633904651
0.16831155881577398,-0.7819435058043112,0.6692682516101598,-0.43906721697219425
0.9192315039065897,1.0,-0.6976686344611269,20.255982328611672
0.4250905151059614,-0.06215151566758381,0.0993919688964966,1.6690446257967588
1.0,-1.0,0.0003452792158924467,-8.575076308593736
-0.2050051682838281,0.030788882670704787,1.0,0.8354434828907836
-0.6341402484001408,-0.3482868687722378,-0.4909210912155251,0.8882232010562183
-0.06230073140481496,-0.34442068151269467,0.30755916459709054,0.6986700574414374
1.0,1.0,-0.8856699467411451,33.77885492348999
1.0,-0.22130525420292413,-1.0,5.746625438275182
1.0,-0.2827003668513641,-0.05734453764798575,3.560049494771425
0.09704597968183815,-0.9306954182588754,-0.16482325387137697,2.7005032444640116
0.3176464625071014,0.2680796354026378,0.4141845362944132,0.9136913048687733
-0.06505728782865061,0.1277231031367574,-0.7045190179348773,0.32287644461293213
0.08769701995338952,-0.3978329130221727,0.3668515020916612,1.2888451263993814
0.9716965630339376,0.7522539738596181,-0.021100796673836575,8.06946413204772
-0.16465603463923362,0.8418629961144195,0.16212203373656786,1.8731174923982343
-0.17056633009975553,-0.03912343329752588,-0.5018769707302229,0.4318555357604126
-0.35455966842874,1.0,0.153616921602167,5.525187893755327
-0.03345300947441543,0.12900625715164793,-0.1512489408898583,0.48403830288498406
1.0,1.0,0.35219862136164526,12.879167542384131
-0.8945305460797606,0.41560451968036216,0.17987460332035266,-3.899341302114376
0.6508971921426181,-0.8771184321444012,-0.6437425117504711,-1.8758748627301676
-0.8579389174168972,1.0,0.13516559096538416,3.2510617737809873
0.5539758237386836,0.19863818853114812,0.2749780271983999,1.6188832576545091
1.0,0.8477304878383296,0.40674397050624744,11.469458031262295
-0.33051496202618513,0.256034339128268,0.8171057198510843,0.012998804274809511
-0.018168578251018364,-0.8870632281847031,0.2299906101293372,2.5648501804358084
-0.7905727954749986,1.0,0.3131339793230541,3.0443144363903865
-0.08708051403890771,0.8775683443481113,-0.09114887377015624,3.0737443814728205
-0.05724654164154419,-0.07114251763928037,-1.0,-3.445580193538661
-0.24454305576952384,0.7527158365701625,0.9694715508281837,6.574026615072298
0.3515899285570816,-1.0,0.1372772731697629,0.5367363287303081
-0.5966208791614893,1.0,0.5039281694338829,5.6293522889934104
-1.0,1.0,-0.0920602920689435,8.972196024869175
0.6021622802086233,0.48628857781546464,-0.7635959350573642,1.464831337564706
-1.0,1.0,-0.457187167172304,12.774067753808852
1.0,-0.1061895448087522,-1.0,7.244236417935031
-0.768310427285869,1.0,-0.42581996041916303,4.557643611404387
0.884414882443963,1.0,-0.6557836228659402,17.612989674257488
-0.2396155321642246,-1.0,0.9356323493187992,-3.9315105482328887
1.0,-0.3081328230916638,-0.9556718294112578,6.319321260000385
-1.0,0.8938915794428111,0.9936268480943746,12.800791322240904
0.12263665145039382,0.31580853663343866,-0.04705378928077919,0.6398468815609754
0.37572682122461765,-0.21091713495773168,1.0,-2.4830720744247916
0.8149151684435623,-1.0,0.23951643603570738,-4.019263913699788
1.0,0.614777678381274,-0.24685376427106598,5.890500810116646
0.0013103248571433301,0.23637074250539203,-0.8486659401006114,-0.8826277632893555
-0.6340102056175696,0.8728694456956099,-0.5838343877570464,-0.4198588814089731
-0.31940954034810276,1.0,-0.13778870045045477,6.855004168323361
-0.08058457266086316,-0.8694543128267889,-1.0,-10.867029162017385
0.09472678597563022,0.2586245439839454,0.9137498668940061,1.1005693776290857
-1.0,0.0383096310127391,0.12651853248861777,-4.647942640194169
0.2515890978618285,-0.19553147581999064,0.12189571173079328,1.565924449014331
-0.10833649281796243,-0.6455768871652989,-1.0,-6.431594083980394
0.6992266304735444,-0.010042281918621887,-0.00036051589526686634,2.297908927517014
0.08094023355437918,-0.40497831435065645,0.7595769925127869,-0.5678472842448561
0.030921082682887402,-0.07419800047330294,-1.0,-3.672969493903992
-0.9683072815572202,0.34117850303581165,0.5628705301521046,-4.074811758872936
-1.0,0.7175148436241183,-1.0,19.783019194873212
-1.0,1.0,-0.0740517623163246,8.834772507404955
0.4132617219260388,0.8693485138714039,0.671678310638947,4.558922245162431
0.8936093989327933,0.8824046281767464,-0.9416017616177004,12.919894763417089
-1.0,1.0,-0.800499817487428,14.982877841203935
0.15833431911667306,0.02388117667649814,0.44877322974264233,0.596944216847719
1.0,-0.7144195444381192,0.7685157004189713,3.1811338746212634
0.23800457004601316,0.8465195422074245,-0.9450740652353595,-0.1454731755961448
-0.21165668710183616,-0.005764636806630863,1.0,0.5827275404384815
0.0008956628752878615,0.8783977746402718,1.0,9.214350395687108
-1.0,0.6209927163380735,-0.36851540467146715,1.4025167705329373
-0.9549130757622726,0.10009378257004142,0.02065689854035302,-4.369349898156479
0.6108372479287605,-0.3062315172710164,-0.1685771085571537,2.0675624215887347
